<?xml version="1.0" encoding="UTF-8"?>
<!DOCTYPE hibernate-configuration PUBLIC
  "-//Hibernate/Hibernate Configuration DTD 3.0//EN"
  "http://www.hibernate.org/dtd/hibernate-configuration-3.0.dtd">

<hibernate-configuration>
  <session-factory>
    <!-- Connection Properties -->
    <property name="connection.driver_class">com.mysql.cj.jdbc.Driver</property>
    <property name="connection.url">jdbc:mysql://localhost:3306/inheritance</property>
    <property name="connection.username">root</property>
    <property name="connection.password">admin</property>
    
    <property name="show_sql">true</property>
    <property name="hibernate.dialect">org.hibernate.dialect.MySQL5Dialect</property>
    <property name="hbm2ddl.auto">update</property>
    

  
     <mapping resource="payment3.hbm.xml"/>
     <mapping class="com.klu.JFSDS25_Inheritance.Vehicle"/>
<mapping class="com.klu.JFSDS25_Inheritance.Car"/>
<mapping class="com.klu.JFSDS25_Inheritance.Truck"/>
     
  
  </session-factory>

</hibernate-configuration>